A_name,B_cost
Royal Uno All Inclusive Resort & Spa,
Fiesta Americana Cancún Villas,
Grand Fiesta Americana Coral Beach Cancun All Inclusive,
Grand Park Royal Cancun,
Crown Paradise Club Cancun,
"Hilton Cancun, an All-Inclusive Resort",
The Royal Sands All Suites Resort & Spa,
Fiesta Americana Condesa Cancun All Inclusive,
Paradisus Cancún,
Dreams Sands Cancun Resort & Spa,
JW Marriott Cancun Resort & Spa,
Wyndham Alltra Cancun,
"The Westin Lagunamar Ocean Resort Villas & Spa, Cancun","7,428"
Temptation Cancun Resort,
Krystal Cancún,
Wyndham Grand Cancun All Inclusive Resort & Villas,
Live Aqua Beach Resort Cancún,
Haven Riviera Cancun,
Garza Blanca Resort & Spa Cancun,
Royal Solaris Cancun,"6,325"
Villa Del Palmar Cancun Luxury Beach Resort & Spa,
Le Blanc Spa Resort Cancun,
Presidente InterContinental Cancun Resort,
Kempinski Hotel Cancún,
"Royalton CHIC Cancun, An Autograph Collection All-Inclusive Resort - Adults Only",
Seadust Cancún Family Resort,
Aloft Cancun,
Emporio Cancún,
Hotel NYX Cancun,
Hotel Faranda Dos Playas Cancún,
Hard Rock Hotel Cancun,
Hyatt Ziva Cancún,"15,270"
